cnf,solution,mallobecs,paracooba,paracoobamarch,slime,toposat,ctsat
ssAES_4-4-8_round_7-10_faultAt_8_fault_injections_2_seed_1579630418.cnf.bz2,SATISFIABLE,39.397,FAILED,TIMEOUT,TIMEOUT,30.647,FAILED
vlsat2_16676_1598591.dimacs.cnf.bz2,SATISFIABLE,3.561,71.542,TIMEOUT,83.92,18.819,28.334
hid-uns-enc-6-1-0-0-0-0-27601.cnf.bz2,UNSATISFIABLE,14.14,584.819,18.04,103.382,27.479,FAILED
gto_p60c241.cnf.bz2,UNSATISFIABLE,8.73,140.124,17.23,90.097,21.883,FAILED
ps_300_312_20.cnf.bz2,SATISFIABLE,6.402,FAILED,UNKNOWN,43.493,16.488,54.626
preimage_80r_491m_160h_seed_71.cnf.bz2,SATISFIABLE,84.093,269.663,TIMEOUT,34.918,19.331,TIMEOUT
simon03:sat02bis:k2fix_gr_2pinvar_w8.used-as.sat04-349.cnf.bz2,UNSATISFIABLE,TIMEOUT,FAILED,TIMEOUT,7.847,8.895,TIMEOUT
53-131587.cnf.bz2,SATISFIABLE,32.226,FAILED,TIMEOUT,603.967,14.354,211.592
TT7F-33-24C.cnf.bz2,SATISFIABLE,TIMEOUT,TIMEOUT,UNKNOWN,TIMEOUT,TIMEOUT,783.105
crafted_n11_d6_c4_num19.cnf.bz2,UNSATISFIABLE,45.01,FAILED,UNKNOWN,TIMEOUT,127.172,FAILED
sted2_0x0_n219-342.cnf.bz2,SATISFIABLE,39.917,TIMEOUT,TIMEOUT,217.687,11.606,49.292
Kakuro-easy-148-ext.xml.hg_8.cnf.bz2,SATISFIABLE,178.199,FAILED,UNKNOWN,229.442,85.033,219.188
w15.cnf.bz2,UNSATISFIABLE,17.617,363.108,180.29,TIMEOUT,69.135,FAILED
baseballcover12with24_and2positions.cnf.bz2,SATISFIABLE,103.667,FAILED,UNKNOWN,102.559,718.729,68.454
6g_5color_164_100_01.cnf.bz2,SATISFIABLE,249.968,FAILED,TIMEOUT,TIMEOUT,144.895,TIMEOUT
dislog_a09_x11_n20.cnf.bz2,SATISFIABLE,19.931,167.666,0.51,12.814,29.407,TIMEOUT
combined-crypto1-wff-seed-110-wffvars-500-cryptocplx-31-overlap-2.cnf.bz2,SATISFIABLE,TIMEOUT,FAILED,9.79,TIMEOUT,TIMEOUT,TIMEOUT
3bitadd_32.cnf.gz.CP3-cnfmiter.cnf.bz2,UNSATISFIABLE,14.433,FAILED,FAILED,108.736,18.736,TIMEOUT
ncc_none_2_18_9_3_0_0_435991723.cnf.bz2,UNSATISFIABLE,114.031,FAILED,UNKNOWN,TIMEOUT,448.892,FAILED
size_5_5_5_i053_r12.cnf.bz2,SATISFIABLE,144.942,55.66,TIMEOUT,71.843,9.057,771.977
mp1-rubikcube312.cnf.bz2,UNSATISFIABLE,61.911,TIMEOUT,TIMEOUT,TIMEOUT,175.885,FAILED
ncc_none_12477_5_3_3_1_0_435991723.cnf.bz2,SATISFIABLE,162.641,FAILED,UNKNOWN,728.038,86.953,155.726
IBM_FV_2004_rule_batch_1_31_1_SAT_dat.k90.debugged.cnf.bz2,UNKNOWN,TIMEOUT,TIMEOUT,TIMEOUT,TIMEOUT,TIMEOUT,FAILED
combined-crypto1-wff-seed-108-wffvars-500-cryptocplx-31-overlap-2.cnf.bz2,SATISFIABLE,780.541,FAILED,22.89,TIMEOUT,TIMEOUT,801.915
vlsat2_39552_5878762.dimacs.cnf.bz2,UNKNOWN,TIMEOUT,TIMEOUT,UNKNOWN,TIMEOUT,TIMEOUT,TIMEOUT
course0.2_2018_3-sc2018.cnf.bz2,SATISFIABLE,211.735,944.222,UNKNOWN,518.533,395.089,171.783
baseballcover15with25.cnf.bz2,UNSATISFIABLE,57.18,260.763,UNKNOWN,134.734,118.982,FAILED
Kakuro-easy-117-ext.xml.hg_5.cnf.bz2,SATISFIABLE,488.367,FAILED,UNKNOWN,370.215,178.077,246.802
size_4_5_5_i031_w31_r9.cnf.bz2,UNSATISFIABLE,90.526,TIMEOUT,TIMEOUT,TIMEOUT,797.323,TIMEOUT
baseballcover12with23_and2positions.cnf.bz2,SATISFIABLE,141.561,625.508,UNKNOWN,368,TIMEOUT,94.1
PRESENT_round_1-32_faultAt_30_fault_injections_10_seed_1579630418.cnf.bz2,UNKNOWN,TIMEOUT,TIMEOUT,TIMEOUT,TIMEOUT,TIMEOUT,TIMEOUT
4g_5color_166_100_02.cnf.bz2,SATISFIABLE,118.573,FAILED,TIMEOUT,TIMEOUT,82.107,TIMEOUT
DLTM_twitter454_70_12.cnf.bz2,SATISFIABLE,47.691,83.833,9.48,102.305,59.778,21.881
bivium-39-200-0s0-0x5fa955de2b4f64d00226837d226c955de4566ce95f660180d7-30.cnf.bz2,UNSATISFIABLE,66.393,104.147,495.2,TIMEOUT,401.587,TIMEOUT
lang23.cnf.gz.CP3-cnfmiter.cnf.bz2,UNSATISFIABLE,28.99,FAILED,FAILED,TIMEOUT,63.196,FAILED
g2-hwmcc15deep-6s516r-k17.cnf.bz2,UNSATISFIABLE,174.557,208.131,TIMEOUT,743.243,109.082,FAILED
TT7F-33-26.cnf.bz2,SATISFIABLE,TIMEOUT,781.77,UNKNOWN,TIMEOUT,405.759,FAILED
170222843.cnf.bz2,SATISFIABLE,2.274,TIMEOUT,TIMEOUT,36.349,8.243,FAILED
newpol36-4.cnf.bz2,UNSATISFIABLE,120.011,FAILED,UNKNOWN,TIMEOUT,165.771,TIMEOUT
w16-5.cnf.bz2,UNSATISFIABLE,136.26,FAILED,534.44,TIMEOUT,576.586,TIMEOUT
newpol6-7.cnf.bz2,UNSATISFIABLE,359.239,TIMEOUT,TIMEOUT,TIMEOUT,399.211,FAILED
baseballcover12with25_and5positions.cnf.bz2,UNSATISFIABLE,450.337,FAILED,UNKNOWN,TIMEOUT,TIMEOUT,FAILED
58-134003.cnf.bz2,SATISFIABLE,27.952,FAILED,TIMEOUT,753.368,29.219,175.062
Kakuro-easy-120-ext.xml.hg_6.cnf.bz2,SATISFIABLE,284.3,FAILED,TIMEOUT,246.665,116.55,206.639
baseballcover11with22_and2positions.cnf.bz2,SATISFIABLE,101.731,FAILED,UNKNOWN,69.534,400.712,44.319
6g_6color_366_050_04.cnf.bz2,SATISFIABLE,123.031,84.566,UNKNOWN,TIMEOUT,184.772,FAILED
preimage_80r_495m_160h_seed_379.cnf.bz2,SATISFIABLE,8.938,62.291,383.02,10.686,7.381,FAILED
g2-T83.2.1.cnf.bz2,UNSATISFIABLE,274.219,FAILED,UNKNOWN,368.186,860.832,FAILED
e_rphp096_04.cnf.bz2,UNSATISFIABLE,61.98,FAILED,TIMEOUT,TIMEOUT,38.271,FAILED
ps_300_301_30.cnf.bz2,SATISFIABLE,6.151,61.588,UNKNOWN,53.74,22.81,97.762
newpol6-8.cnf.bz2,UNKNOWN,TIMEOUT,FAILED,TIMEOUT,TIMEOUT,TIMEOUT,FAILED
dislog_a14_x14_n24.cnf.bz2,SATISFIABLE,46.394,FAILED,TIMEOUT,TIMEOUT,893.851,TIMEOUT
170104584.cnf.bz2,SATISFIABLE,9.331,390.288,TIMEOUT,295.512,33.802,39.255
Kakuro-easy-041-ext.xml.hg_4.cnf.bz2,UNSATISFIABLE,419.186,FAILED,TIMEOUT,867.595,600.066,FAILED
Kakuro-easy-149-ext.xml.hg_4.cnf.bz2,UNKNOWN,TIMEOUT,FAILED,TIMEOUT,TIMEOUT,TIMEOUT,FAILED
TT7F-34-24B.cnf.bz2,UNKNOWN,TIMEOUT,FAILED,UNKNOWN,TIMEOUT,TIMEOUT,TIMEOUT
4g_6color_366_070_06.cnf.bz2,UNKNOWN,TIMEOUT,TIMEOUT,UNKNOWN,TIMEOUT,TIMEOUT,FAILED
01-integer-programming-20-30-40.cnf.bz2,SATISFIABLE,56.999,233.19,TIMEOUT,TIMEOUT,113.011,TIMEOUT
post-cbmc-aes-ee-r2.cnf.bz2,UNSATISFIABLE,29.44,306.989,TIMEOUT,188.92,18.814,FAILED
homer17.shuffled.cnf.bz2,UNSATISFIABLE,2.667,193.045,FAILED,TIMEOUT,29.012,TIMEOUT
Timetable_C_392_E_50_Cl_26_S_26.cnf.bz2,SATISFIABLE,TIMEOUT,FAILED,UNKNOWN,80.951,87.32,44.31
dislog_a18_x18_n28.cnf.bz2,UNKNOWN,TIMEOUT,FAILED,TIMEOUT,TIMEOUT,TIMEOUT,FAILED
ssAES_4-4-8_round_8-10_faultAt_8_fault_injections_2_seed_31944661.cnf.bz2,SATISFIABLE,39.218,TIMEOUT,TIMEOUT,TIMEOUT,31.217,FAILED
Steiner-27-10-bce.cnf.bz2,UNSATISFIABLE,2.305,46.128,0.04,2.212,2.447,TIMEOUT
size_5_5_5_i019_r12.cnf.bz2,SATISFIABLE,84.447,68.128,TIMEOUT,21.303,16.484,97.553
crafted_n12_d6_c4_num9.cnf.bz2,UNSATISFIABLE,57.621,FAILED,UNKNOWN,TIMEOUT,162.632,FAILED
ctl_4291_567_11_unsat.cnf.bz2,UNSATISFIABLE,47.562,TIMEOUT,TIMEOUT,TIMEOUT,102.072,FAILED
Steiner-81-21-bce.cnf.bz2,UNKNOWN,TIMEOUT,FAILED,TIMEOUT,TIMEOUT,TIMEOUT,FAILED
fclqcolor-20-15-12.cnf.gz.CP3-cnfmiter.cnf.bz2,UNSATISFIABLE,14.434,TIMEOUT,FAILED,80.946,17.149,FAILED
Kakuro-easy-065-ext.xml.hg_3.cnf.bz2,UNSATISFIABLE,600.5,FAILED,UNKNOWN,692.615,485.038,FAILED
Kakuro-easy-097-ext.xml.hg_4.cnf.bz2,UNSATISFIABLE,434.989,FAILED,UNKNOWN,TIMEOUT,TIMEOUT,FAILED
rbsat-v2400c266431gyes6.cnf.bz2,UNKNOWN,TIMEOUT,FAILED,TIMEOUT,TIMEOUT,TIMEOUT,FAILED
preimage_80r_490m_160h_seed_150.cnf.bz2,SATISFIABLE,33.857,226.261,TIMEOUT,778.261,203.704,TIMEOUT
grain-53-80-0s0-seed-125-4-init-35.cnf.bz2,UNSATISFIABLE,31.418,969.263,TIMEOUT,324.484,139.486,FAILED
ncc_none_7047_6_3_3_0_0_420.cnf.bz2,UNSATISFIABLE,198.115,FAILED,UNKNOWN,TIMEOUT,122.118,FAILED
size_4_4_4_i4096_r8.cnf.bz2,UNSATISFIABLE,28.285,112.393,269.62,237.225,62.062,FAILED
bv-term-small-rw_1220.smt2.cnf.bz2,UNKNOWN,TIMEOUT,FAILED,TIMEOUT,TIMEOUT,TIMEOUT,TIMEOUT
preimage_80r_493m_160h_seed_457.cnf.bz2,SATISFIABLE,17.168,40.446,TIMEOUT,37.635,9.654,FAILED
ncc_none_5047_6_3_3_0_0_41.cnf.bz2,UNSATISFIABLE,131.003,TIMEOUT,UNKNOWN,TIMEOUT,79.869,FAILED
goldb-heqc-k2mul.cnf.bz2,UNSATISFIABLE,13.424,231.24,TIMEOUT,752.23,14.779,FAILED
Timetable_C_241_E_45_Cl_16_S_16.cnf.bz2,SATISFIABLE,TIMEOUT,43.538,TIMEOUT,53.483,165.121,15.781
49-133045.cnf.bz2,SATISFIABLE,29.735,644.324,TIMEOUT,176.058,30.086,194.604
ncc_none_5047_6_3_3_3_0_435991723.cnf.bz2,SATISFIABLE,133.255,FAILED,UNKNOWN,766.007,78.014,FAILED
DLTM_twitter774_83_17.cnf.bz2,SATISFIABLE,83.041,956.79,TIMEOUT,576.581,370.285,67.011
full-bg-gb-9-ce.cnf.bz2,SATISFIABLE,312.405,FAILED,TIMEOUT,67.781,16.199,FAILED
sted5_0x0-157.cnf.bz2,SATISFIABLE,12.92,FAILED,TIMEOUT,64.969,13.209,44.49
velev-dlx-uns-1.0-05.cnf.bz2,UNSATISFIABLE,74.345,TIMEOUT,UNKNOWN,298.695,117.793,FAILED
Kakuro-easy-125-ext.xml.hg_4.cnf.bz2,UNKNOWN,TIMEOUT,FAILED,TIMEOUT,TIMEOUT,TIMEOUT,FAILED
atco_enc1_opt2_10_16.cnf.bz2,SATISFIABLE,46.617,FAILED,TIMEOUT,186.632,28.919,36.81
w19-2.0.cnf.bz2,UNSATISFIABLE,27.823,174.642,523.72,388.866,62.913,FAILED
problem_21.smt2.cnf.bz2,UNSATISFIABLE,34.485,FAILED,TIMEOUT,TIMEOUT,TIMEOUT,TIMEOUT
problem_19.smt2.cnf.bz2,UNSATISFIABLE,24.238,TIMEOUT,TIMEOUT,557.164,237.241,FAILED
Timetable_C_331_E_45_Cl_22_S_26.cnf.bz2,UNKNOWN,TIMEOUT,FAILED,UNKNOWN,TIMEOUT,TIMEOUT,TIMEOUT
b2005-p1-12x12c10h7-Ser8-0.cnf.bz2,UNKNOWN,TIMEOUT,FAILED,UNKNOWN,TIMEOUT,TIMEOUT,TIMEOUT
b1904P1-8x8c6h7SAT.cnf.bz2,SATISFIABLE,265.109,569.344,TIMEOUT,TIMEOUT,500.718,FAILED
newpol4-6.cnf.bz2,UNSATISFIABLE,18.566,FAILED,TIMEOUT,54.478,33.067,FAILED
size_5_5_5_i092_r12.cnf.bz2,SATISFIABLE,32.6,48.262,TIMEOUT,255.684,52.263,442.993
vlsat2_21114_2240429.dimacs.cnf.bz2,UNKNOWN,TIMEOUT,TIMEOUT,UNKNOWN,TIMEOUT,TIMEOUT,FAILED
combined-crypto1-wff-seed-12-wffvars-450-cryptocplx-40-overlap-2.cnf.bz2,SATISFIABLE,149.059,FAILED,TIMEOUT,194.587,708.357,60.679
combined-crypto1-wff-seed-115-wffvars-500-cryptocplx-31-overlap-2.cnf.bz2,SATISFIABLE,32.266,FAILED,28.58,87.543,5.802,123.184
DLTM_twitter845_79_19.cnf.bz2,SATISFIABLE,4.693,45.773,224.64,25.03,4.997,7.632
ncc_none_2_19_5_3_1_0_435991723.cnf.bz2,SATISFIABLE,TIMEOUT,FAILED,UNKNOWN,TIMEOUT,766.994,TIMEOUT
combined-crypto1-wff-seed-3-wffvars-450-cryptocplx-40-overlap-2.cnf.bz2,SATISFIABLE,108.216,FAILED,25.22,122.42,68.092,150.718
abw-R-dwt__503.mtx-w64.cnf.bz2,SATISFIABLE,TIMEOUT,FAILED,UNKNOWN,TIMEOUT,631.057,FAILED
size_5_5_5_i260_r12.cnf.bz2,SATISFIABLE,99.062,62.977,TIMEOUT,196.624,40.406,156.766
8-5-6.cnf.bz2,SATISFIABLE,TIMEOUT,219.07,UNKNOWN,TIMEOUT,686.731,TIMEOUT
prime2209-84.cnf.bz2,SATISFIABLE,4.691,33.461,7.742,3.092,3.507,6.243
49-133485.cnf.bz2,SATISFIABLE,34.722,FAILED,TIMEOUT,595.831,22.205,155.97
ps_200_301_70.cnf.bz2,UNSATISFIABLE,20.043,241.862,UNKNOWN,41.971,19.094,FAILED
vlsat2_24450_2770239.dimacs.cnf.bz2,SATISFIABLE,4.83,TIMEOUT,UNKNOWN,150.128,FAILED,194.21
combined-crypto1-wff-seed-102-wffvars-500-cryptocplx-31-overlap-2.cnf.bz2,SATISFIABLE,188.025,FAILED,TIMEOUT,192.996,456.879,213.631
baseballcover14with25_and1positions.cnf.bz2,UNSATISFIABLE,68.97,262.987,UNKNOWN,147.742,211.056,FAILED
59-131147.cnf.bz2,SATISFIABLE,26.174,680.563,TIMEOUT,664.782,20.767,143.804
ncc_none_21015_5_3_3_0_0_11.cnf.bz2,UNSATISFIABLE,269.051,FAILED,UNKNOWN,TIMEOUT,178.531,FAILED
ncc_none_3001_7_3_3_1_31_435991723.cnf.bz2,SATISFIABLE,180.666,FAILED,UNKNOWN,TIMEOUT,106.129,197.579
g2-T85.2.1.cnf.bz2,UNSATISFIABLE,187.167,FAILED,UNKNOWN,340.864,575.749,FAILED
170105432.cnf.bz2,SATISFIABLE,3.024,FAILED,TIMEOUT,38.353,51.246,FAILED
g2-hwmcc15deep-bobpcihm-k31.cnf.bz2,UNSATISFIABLE,338.719,FAILED,TIMEOUT,TIMEOUT,143.201,FAILED
fermat-907547022132073.cnf.bz2,SATISFIABLE,15.688,440.458,0.36,99.238,9.915,FAILED
ctl_4291_567_6_unsat_pre.cnf.bz2,UNSATISFIABLE,87.117,FAILED,TIMEOUT,TIMEOUT,148.316,FAILED
full-bf-ga-9-ce.cnf.bz2,SATISFIABLE,FAILED,TIMEOUT,TIMEOUT,14.016,4.827,80.677
TT7F-34-24E.cnf.bz2,UNKNOWN,TIMEOUT,FAILED,UNKNOWN,TIMEOUT,TIMEOUT,FAILED
jkkk-one-one-10-30-unsat.cnf.bz2,UNSATISFIABLE,20.783,FAILED,TIMEOUT,92.185,28.714,FAILED
Steiner-9-5-bce.cnf.bz2,UNSATISFIABLE,2.176,53.262,0,3.107,2.773,TIMEOUT
baseballcover13with25_and3positions.cnf.bz2,UNSATISFIABLE,264.866,FAILED,UNKNOWN,TIMEOUT,TIMEOUT,FAILED
Timetable_C_241_E_45_Cl_16_S_14.cnf.bz2,UNKNOWN,TIMEOUT,FAILED,TIMEOUT,TIMEOUT,TIMEOUT,FAILED
ssAES_4-4-4_round_7-10_faultAt_7_fault_injections_2_seed_1564286498.cnf.bz2,UNKNOWN,TIMEOUT,FAILED,TIMEOUT,TIMEOUT,TIMEOUT,FAILED
rbsat-v2400c266431gyes7.cnf.bz2,UNKNOWN,TIMEOUT,TIMEOUT,TIMEOUT,TIMEOUT,TIMEOUT,FAILED
mp1-9_49.cnf.bz2,SATISFIABLE,3.615,60.726,711.26,17.581,4.666,FAILED
size_5_5_5_i058_r12.cnf.bz2,SATISFIABLE,50.641,282.822,TIMEOUT,61.977,60.815,FAILED
ps_200_300_70.cnf.bz2,UNSATISFIABLE,14.377,FAILED,UNKNOWN,46.704,18.51,FAILED
rbsat-v760c43649g8.cnf.bz2,SATISFIABLE,2.317,39.683,TIMEOUT,22.952,9.878,8.816
sted4_0x1e3-124.cnf.bz2,SATISFIABLE,22.86,FAILED,0.74,138.884,24.625,331.29
DLTM_twitter690_74_15.cnf.bz2,UNKNOWN,TIMEOUT,TIMEOUT,TIMEOUT,TIMEOUT,TIMEOUT,TIMEOUT
preimage_80r_491m_160h_seed_391.cnf.bz2,SATISFIABLE,10.815,111.071,TIMEOUT,944.365,10.574,TIMEOUT
newpol29-4.cnf.bz2,UNSATISFIABLE,85.84,FAILED,UNKNOWN,TIMEOUT,94.075,FAILED
size_5_5_5_i003_r12.cnf.bz2,SATISFIABLE,584.902,73.92,TIMEOUT,955.107,TIMEOUT,FAILED
DLTM_twitter690_74_16.cnf.bz2,SATISFIABLE,6.969,71.909,TIMEOUT,48.393,16.751,68.518
mrpp_8x8#24_14.cnf.bz2,SATISFIABLE,15.736,80.435,TIMEOUT,17.753,20.157,7.928
abw-X-can__715.mtx-w103.cnf.bz2,SATISFIABLE,TIMEOUT,FAILED,TIMEOUT,TIMEOUT,80.449,FAILED
22930-0426-195.smt2.cnf.bz2,UNSATISFIABLE,564.176,TIMEOUT,FAILED,TIMEOUT,TIMEOUT,TIMEOUT
DLTM_twitter845_79_18.cnf.bz2,SATISFIABLE,16.764,74.706,TIMEOUT,31.182,8.061,11.416
sted6_0x0-135.cnf.bz2,SATISFIABLE,18.847,FAILED,TIMEOUT,190.513,31.692,27.094
ex051_9-sc2018.cnf.bz2,UNKNOWN,TIMEOUT,FAILED,TIMEOUT,TIMEOUT,TIMEOUT,TIMEOUT
fermat-834855329100173267.cnf.bz2,SATISFIABLE,195.461,FAILED,TIMEOUT,TIMEOUT,TIMEOUT,FAILED
6g_6color_366_040_04.cnf.bz2,SATISFIABLE,942.839,721.982,UNKNOWN,TIMEOUT,TIMEOUT,TIMEOUT
4g_6color_180_100_02.cnf.bz2,SATISFIABLE,TIMEOUT,FAILED,TIMEOUT,TIMEOUT,102.381,TIMEOUT
b2005-p4-12x12c10h7-Ser4-0.cnf.bz2,UNKNOWN,TIMEOUT,TIMEOUT,UNKNOWN,TIMEOUT,TIMEOUT,FAILED
6s20.cnf.bz2,UNSATISFIABLE,17.638,TIMEOUT,TIMEOUT,TIMEOUT,176.183,FAILED
mulhs16.smt2.cnf.bz2,UNKNOWN,TIMEOUT,FAILED,TIMEOUT,FAILED,TIMEOUT,TIMEOUT
4g_5color_168_100_02.cnf.bz2,UNKNOWN,TIMEOUT,FAILED,TIMEOUT,TIMEOUT,TIMEOUT,TIMEOUT
DLTM_twitter799_70_13.cnf.bz2,SATISFIABLE,8.495,48.134,TIMEOUT,32.523,15.133,14.028
course0.2_2018_3_5.cnf.bz2,SATISFIABLE,48.383,163.897,UNKNOWN,111.728,52.572,FAILED
size_5_5_5_i041_r12.cnf.bz2,SATISFIABLE,250.943,56.697,TIMEOUT,73.78,39.41,639.619
vlsat2_34161_4607712.dimacs.cnf.bz2,SATISFIABLE,6.621,FAILED,UNKNOWN,372.634,45.073,615.396
SocialGolfers-6-6-6-cp_c18.cnf.bz2,UNSATISFIABLE,230.94,FAILED,TIMEOUT,TIMEOUT,TIMEOUT,TIMEOUT
full-bg-gb-7-ce.cnf.bz2,SATISFIABLE,TIMEOUT,TIMEOUT,TIMEOUT,89.514,4.713,184.463
Kakuro-easy-154-ext.xml.hg_4.cnf.bz2,UNKNOWN,TIMEOUT,FAILED,UNKNOWN,TIMEOUT,TIMEOUT,FAILED
w19-49.0.cnf.bz2,UNSATISFIABLE,27.37,156.146,75.9,383.851,55.683,FAILED
4g_5color_170_050_05.cnf.bz2,SATISFIABLE,11.601,374.945,TIMEOUT,51.826,23.814,42.178
ps_200_305_70.cnf.bz2,UNSATISFIABLE,22.116,246.623,UNKNOWN,43.559,22.878,FAILED
Timetable_C_466_E_50_Cl_31_S_28.cnf.bz2,SATISFIABLE,TIMEOUT,FAILED,UNKNOWN,142.679,TIMEOUT,88.624
fermat-33106286870663.cnf.bz2,SATISFIABLE,13.44,67.419,0.46,46.364,6.32,TIMEOUT
ncc_none_3_16_3_3_0_0_435991723.cnf.bz2,UNSATISFIABLE,131.025,FAILED,UNKNOWN,TIMEOUT,288.771,FAILED
tseitingrid7x185_shuffled.cnf.bz2,UNSATISFIABLE,393.036,TIMEOUT,TIMEOUT,TIMEOUT,TIMEOUT,TIMEOUT
cz-alt-3-7.cnf.bz2,UNSATISFIABLE,80.749,FAILED,TIMEOUT,TIMEOUT,416.554,FAILED
53-131174.cnf.bz2,SATISFIABLE,15.261,FAILED,TIMEOUT,290.317,12.932,131.138
frb59-26-1.used-as.sat04-891.cnf.bz2,SATISFIABLE,609.526,TIMEOUT,TIMEOUT,TIMEOUT,TIMEOUT,FAILED
6g_5color_170_020_04.cnf.bz2,SATISFIABLE,3.065,FAILED,TIMEOUT,31.605,98.671,TIMEOUT
combined-crypto1-wff-seed-133-wffvars-500-cryptocplx-31-overlap-2.cnf.bz2,SATISFIABLE,98.976,FAILED,17.33,TIMEOUT,TIMEOUT,599.567
abw-N-bcsstk07.mtx-w44.cnf.bz2,UNSATISFIABLE,62.235,727.99,UNKNOWN,251.285,61.121,FAILED
Steiner-405-70-bce.cnf.bz2,SATISFIABLE,43.058,FAILED,TIMEOUT,TIMEOUT,TIMEOUT,FAILED
grain-53-80-0s0-seed-125-8-init-35.cnf.bz2,UNSATISFIABLE,31.689,FAILED,TIMEOUT,339.277,155.895,FAILED
full-bf-ga-6-ce.cnf.bz2,UNSATISFIABLE,419.966,FAILED,TIMEOUT,TIMEOUT,862.127,FAILED
preimage_80r_494m_160h_seed_378.cnf.bz2,SATISFIABLE,6.882,48.233,945.71,31.8,6.867,TIMEOUT
combined-crypto1-wff-seed-1-wffvars-450-cryptocplx-40-overlap-2.cnf.bz2,SATISFIABLE,46.65,FAILED,10.16,5.197,20.697,65.06
4g_6color_182_100_02.cnf.bz2,SATISFIABLE,TIMEOUT,FAILED,TIMEOUT,TIMEOUT,178.338,TIMEOUT
vlsat2_15960_1464039.dimacs.cnf.bz2,UNKNOWN,TIMEOUT,TIMEOUT,TIMEOUT,TIMEOUT,TIMEOUT,TIMEOUT
GreenTao_2-5-5_34308.cnf.bz2,UNKNOWN,TIMEOUT,TIMEOUT,TIMEOUT,TIMEOUT,TIMEOUT,TIMEOUT
abw-V-nos6.mtx-w220.cnf.bz2,SATISFIABLE,TIMEOUT,FAILED,UNKNOWN,TIMEOUT,67.547,TIMEOUT
harder-php-025-024.sat05-1191.reshuffled-07.cnf.bz2,UNSATISFIABLE,2.026,TIMEOUT,TIMEOUT,TIMEOUT,TIMEOUT,FAILED
Kakuro-easy-132-ext.xml.hg_9.cnf.bz2,SATISFIABLE,184.724,FAILED,TIMEOUT,251.55,153.424,244.617
ACG-15-10p1.cnf.bz2,SATISFIABLE,40.252,149.582,TIMEOUT,95.146,33.009,89.661
battleship-27-54-sat.cnf.bz2,SATISFIABLE,20.167,TIMEOUT,TIMEOUT,TIMEOUT,TIMEOUT,TIMEOUT
size_5_5_5_i131_r12.cnf.bz2,SATISFIABLE,27.213,79.663,TIMEOUT,116.902,85.319,229.058
sted3_0x1e3-147.cnf.bz2,SATISFIABLE,6.274,FAILED,0.25,49.875,23.125,498.789
Kakuro-easy-157-ext.xml.hg_4.cnf.bz2,UNSATISFIABLE,526.001,FAILED,TIMEOUT,TIMEOUT,TIMEOUT,FAILED
53-131220.cnf.bz2,SATISFIABLE,17.24,FAILED,TIMEOUT,619.027,9.966,151.493
preimage_80r_492m_160h_seed_136.cnf.bz2,SATISFIABLE,36.651,242.583,TIMEOUT,142.375,39.134,TIMEOUT
full-bg-gb-8-ce.cnf.bz2,SATISFIABLE,4.078,TIMEOUT,TIMEOUT,84.683,27.862,885.933
53-131674.cnf.bz2,SATISFIABLE,16.937,FAILED,TIMEOUT,698.663,21.885,249.175
ps_300_314_20.cnf.bz2,SATISFIABLE,6.534,FAILED,UNKNOWN,45.941,17.492,47.183
mp1-squ_any_s09x07_c27_bail_UNS.cnf.bz2,UNSATISFIABLE,20.635,874.911,0.02,372.552,41.353,FAILED
ncc_none_21015_5_3_3_1_0_11.cnf.bz2,SATISFIABLE,282.686,FAILED,UNKNOWN,TIMEOUT,186.209,351.494
vlsat2_32480_4362044.dimacs.cnf.bz2,UNKNOWN,TIMEOUT,TIMEOUT,UNKNOWN,TIMEOUT,TIMEOUT,FAILED
b2005-p3-14x14c17h9-Ser6-0.cnf.bz2,UNKNOWN,TIMEOUT,FAILED,TIMEOUT,TIMEOUT,TIMEOUT,FAILED
full-bg-gb-6-ce.cnf.bz2,UNSATISFIABLE,388.009,TIMEOUT,TIMEOUT,TIMEOUT,TIMEOUT,TIMEOUT
dlx1c.ucl.sat.chaff.4.1.bryant.cnf.bz2,UNSATISFIABLE,2.196,32.724,2.38,2.356,2.474,TIMEOUT
6g_5color_166_100_01.cnf.bz2,SATISFIABLE,TIMEOUT,FAILED,TIMEOUT,TIMEOUT,144.83,TIMEOUT
combined-crypto1-wff-seed-132-wffvars-500-cryptocplx-31-overlap-2.cnf.bz2,SATISFIABLE,334.094,FAILED,12.99,TIMEOUT,TIMEOUT,898.427
mp1-blockpuzzle_5x10_s7_free4.cnf.bz2,UNSATISFIABLE,9.33,505.595,11.02,334.194,19.953,FAILED
Timetable_C_392_E_50_Cl_26_S_28.cnf.bz2,SATISFIABLE,245.416,FAILED,UNKNOWN,78.307,39.128,59.461
TT7F-34-24D.cnf.bz2,UNKNOWN,TIMEOUT,FAILED,UNKNOWN,TIMEOUT,TIMEOUT,FAILED
ls15-normalized.cnf.gz.CP3-cnfmiter.cnf.bz2,UNSATISFIABLE,12.488,TIMEOUT,FAILED,85.825,14.513,TIMEOUT
beempgsol5b1.cnf.bz2,UNSATISFIABLE,2.981,FAILED,TIMEOUT,104.767,20.162,FAILED
combined-crypto1-wff-seed-18-wffvars-450-cryptocplx-40-overlap-2.cnf.bz2,SATISFIABLE,588.537,FAILED,FAILED,TIMEOUT,TIMEOUT,322.836
sgp_5-6-8.sat05-2669.reshuffled-07.cnf.bz2,SATISFIABLE,112.019,975.791,TIMEOUT,249.214,18.137,TIMEOUT
DLTM_twitter249_74_10.cnf.bz2,UNSATISFIABLE,66.425,FAILED,TIMEOUT,TIMEOUT,FAILED,FAILED
ncc_none_2_18_8_3_1_0_435991723.cnf.bz2,SATISFIABLE,124.083,FAILED,UNKNOWN,TIMEOUT,210.527,226.13
battleship-24-47-sat.cnf.bz2,SATISFIABLE,2.703,FAILED,1.97,TIMEOUT,28.182,TIMEOUT
unsat-set-a-clqcolor-16-10-11.sat05-1253.reshuffled-07.cnf.bz2,UNKNOWN,TIMEOUT,TIMEOUT,TIMEOUT,TIMEOUT,TIMEOUT,FAILED
ps_200_316_70.cnf.bz2,UNSATISFIABLE,25.747,FAILED,UNKNOWN,28.7,19.331,FAILED
TT7F-34-25.cnf.bz2,UNKNOWN,TIMEOUT,FAILED,UNKNOWN,TIMEOUT,TIMEOUT,TIMEOUT
Kakuro-easy-126-ext.xml.hg_7.cnf.bz2,SATISFIABLE,160.526,FAILED,TIMEOUT,249.255,86.112,242.702
DLTM_twitter249_74_11.cnf.bz2,UNSATISFIABLE,262.072,TIMEOUT,TIMEOUT,TIMEOUT,TIMEOUT,FAILED
full-bf-ga-7-ce.cnf.bz2,SATISFIABLE,10.858,TIMEOUT,TIMEOUT,33.438,4.767,35.927
ps_300_322_20.cnf.bz2,SATISFIABLE,6.412,FAILED,UNKNOWN,55.419,20.81,80.628
baseballcover14with25.cnf.bz2,UNSATISFIABLE,68.743,259.061,UNKNOWN,160.338,264.686,FAILED
fermat-770131695059117.cnf.bz2,SATISFIABLE,147.473,339.742,0.17,72.5,31.109,FAILED
vlsat2_30195_3855554.dimacs.cnf.bz2,UNKNOWN,TIMEOUT,FAILED,UNKNOWN,TIMEOUT,TIMEOUT,FAILED
170223547.cnf.bz2,SATISFIABLE,2.014,564.63,248.35,78.349,9.921,FAILED
simon-mixed-s02bis-05.cnf.bz2,UNSATISFIABLE,33.344,367.28,TIMEOUT,160.634,91.072,FAILED
preimage_80r_491m_160h_seed_407.cnf.bz2,SATISFIABLE,129.751,440.487,TIMEOUT,202.612,7.851,TIMEOUT
Timetable_C_437_E_62_Cl_29_S_28.cnf.bz2,SATISFIABLE,TIMEOUT,238.025,UNKNOWN,140.216,523.554,FAILED
newpol7-6.cnf.bz2,UNSATISFIABLE,34.359,TIMEOUT,TIMEOUT,105.767,55.721,FAILED
combined-crypto1-wff-seed-121-wffvars-500-cryptocplx-31-overlap-2.cnf.bz2,UNKNOWN,TIMEOUT,FAILED,FAILED,TIMEOUT,TIMEOUT,FAILED
gto_p50c314.cnf.bz2,UNKNOWN,TIMEOUT,FAILED,TIMEOUT,TIMEOUT,TIMEOUT,FAILED
ccp-s8-facto4.cnf.bz2,UNKNOWN,TIMEOUT,TIMEOUT,TIMEOUT,TIMEOUT,TIMEOUT,FAILED
dislog_a11_x11_n21.cnf.bz2,SATISFIABLE,6.319,181.632,10.44,5.26,5.355,4.564
Steiner-405-71-bce.cnf.bz2,UNKNOWN,TIMEOUT,TIMEOUT,TIMEOUT,TIMEOUT,TIMEOUT,TIMEOUT
DLTM_twitter799_70_12.cnf.bz2,UNSATISFIABLE,72.975,FAILED,TIMEOUT,605.367,268.294,FAILED
vlsat2_57038_10572502.dimacs.cnf.bz2,SATISFIABLE,13.432,FAILED,UNKNOWN,TIMEOUT,157.254,FAILED
170154931.cnf.bz2,SATISFIABLE,2.043,FAILED,TIMEOUT,230.037,20.749,419.822
newpol34-4.cnf.bz2,UNSATISFIABLE,91.8,FAILED,UNKNOWN,359.411,107.441,FAILED
abw-Q-494_bus.mtx-w242.cnf.bz2,UNSATISFIABLE,974.753,FAILED,UNKNOWN,TIMEOUT,TIMEOUT,FAILED
sv-comp19_prop-reachsafety.newton_2_2_true-unreach-call_true-termination.i-witness.cnf.bz2,UNSATISFIABLE,18.09,357.646,TIMEOUT,FAILED,15.927,TIMEOUT
schup-l2s-bc56s-1-k391.cnf.bz2,UNSATISFIABLE,93.02,FAILED,TIMEOUT,370.875,57.119,FAILED
schur-triples-7-90.cnf.bz2,SATISFIABLE,65.621,FAILED,TIMEOUT,371.502,49.697,234.167
Steiner-135-33-bce.cnf.bz2,UNKNOWN,TIMEOUT,FAILED,FAILED,TIMEOUT,TIMEOUT,TIMEOUT
01-integer-programming-5-10-100.cnf.bz2,UNKNOWN,TIMEOUT,FAILED,TIMEOUT,TIMEOUT,TIMEOUT,FAILED
b1904P3-8x8c11h0SAT.cnf.bz2,UNKNOWN,TIMEOUT,TIMEOUT,TIMEOUT,TIMEOUT,TIMEOUT,TIMEOUT
sgen4-unsat-89-1.cnf.bz2,UNSATISFIABLE,2.039,FAILED,24.46,111.925,46.943,FAILED
baseballcover14with25_and2positions.cnf.bz2,UNSATISFIABLE,126.11,FAILED,UNKNOWN,217.643,TIMEOUT,FAILED
uum12.smt2.cnf.bz2,UNSATISFIABLE,TIMEOUT,117.254,TIMEOUT,TIMEOUT,TIMEOUT,FAILED
b2005-p2-14x14c17h9-Ser4-0.cnf.bz2,UNKNOWN,TIMEOUT,FAILED,UNKNOWN,TIMEOUT,TIMEOUT,FAILED
vlsat2_35929_5082743.dimacs.cnf.bz2,UNKNOWN,TIMEOUT,FAILED,UNKNOWN,TIMEOUT,TIMEOUT,FAILED
contest03-SGI_30_50_30_20_3-dir.sat05-440.reshuffled-07.cnf.bz2,UNSATISFIABLE,5.395,116.835,12.35,232.75,7.112,TIMEOUT
TT7F-34-24C.cnf.bz2,UNKNOWN,TIMEOUT,FAILED,UNKNOWN,TIMEOUT,FAILED,FAILED
ps_200_323_70.cnf.bz2,UNSATISFIABLE,27.149,222.651,UNKNOWN,41.13,21.142,FAILED
fermat-931960058139995587.cnf.bz2,SATISFIABLE,TIMEOUT,FAILED,TIMEOUT,TIMEOUT,914.879,FAILED
w19-8.0.cnf.bz2,UNSATISFIABLE,25.094,124.673,100.97,241.023,51.73,FAILED
53-129696.cnf.bz2,SATISFIABLE,16.576,848.074,TIMEOUT,344.006,15.33,128.324
abw-O-impcol_d.mtx-w101.cnf.bz2,SATISFIABLE,TIMEOUT,FAILED,UNKNOWN,413.396,30.917,FAILED
ctl_4291_567_9_unsat_pre.cnf.bz2,UNSATISFIABLE,19.94,FAILED,TIMEOUT,574.524,25.336,FAILED
170059722.cnf.bz2,SATISFIABLE,2.543,TIMEOUT,TIMEOUT,66.808,19.645,62.713
TT7F-33-24A.cnf.bz2,SATISFIABLE,TIMEOUT,TIMEOUT,UNKNOWN,TIMEOUT,TIMEOUT,FAILED
vlsat2_30744_3925645.dimacs.cnf.bz2,SATISFIABLE,6.125,TIMEOUT,UNKNOWN,168.393,40.778,26.808
LED_round_29-32_faultAt_29_fault_injections_5_seed_1579630418.cnf.bz2,UNKNOWN,TIMEOUT,TIMEOUT,TIMEOUT,TIMEOUT,TIMEOUT,FAILED
hid-uns-enc-6-1-0-0-0-0-3251.cnf.bz2,UNSATISFIABLE,14.098,806.782,6.06,189.764,31.686,FAILED
size_4_5_5_i032_w31_r9.cnf.bz2,UNSATISFIABLE,114.569,TIMEOUT,TIMEOUT,TIMEOUT,994.144,FAILED
preimage_80r_493m_160h_seed_249.cnf.bz2,SATISFIABLE,7.464,122.238,TIMEOUT,139.851,8.037,TIMEOUT
59-129706.cnf.bz2,SATISFIABLE,24.2,488.425,TIMEOUT,788.595,18.95,130.059
dislog_a12_x12_n22.cnf.bz2,SATISFIABLE,36.295,410.009,TIMEOUT,99.25,79.729,FAILED
size_4_5_5_i003_w31_r9.cnf.bz2,UNSATISFIABLE,104.727,TIMEOUT,TIMEOUT,TIMEOUT,781.136,TIMEOUT
grain-55-80-0s0-seed-125-45-init-40.cnf.bz2,UNSATISFIABLE,28.848,FAILED,TIMEOUT,289.028,135.378,FAILED
w19-20.0.cnf.bz2,UNSATISFIABLE,23.516,128.326,122.86,144.023,49.37,FAILED
sv-comp19_prop-reachsafety.queue_longer_false-unreach-call.i-witness.cnf.bz2,SATISFIABLE,295.976,FAILED,UNKNOWN,TIMEOUT,150.887,196.302
ncc_none_3047_7_3_3_1_0_1.cnf.bz2,SATISFIABLE,170.742,FAILED,UNKNOWN,TIMEOUT,98.231,220.948
atco_enc2_opt2_05_9-sc2014.cnf.bz2,SATISFIABLE,79.351,110.385,TIMEOUT,66.863,48.447,107.619
ps_300_311_20.cnf.bz2,SATISFIABLE,7.908,112.336,UNKNOWN,111.223,20.19,96.527
w19-5.1.cnf.bz2,UNSATISFIABLE,27.203,211.677,180.08,510.041,67.566,FAILED
ncc_none_2_17_4_3_0_0_435991723.cnf.bz2,UNSATISFIABLE,128.416,FAILED,UNKNOWN,TIMEOUT,583.758,FAILED
tseitingrid7x165_shuffled.cnf.bz2,UNSATISFIABLE,385.345,TIMEOUT,TIMEOUT,TIMEOUT,TIMEOUT,TIMEOUT
170153306.cnf.bz2,SATISFIABLE,2.13,FAILED,278,40.801,9.077,472.449
bivium-40-200-0s0-0x92fc13b11169afbb2ef11a684d9fe9a19e743cd6aa5ce23fb5-19.cnf.bz2,UNSATISFIABLE,30.751,469.724,134.03,550.492,136.08,FAILED
Steiner-15-7-bce.cnf.bz2,UNSATISFIABLE,2.232,40.517,0,2.141,2.848,TIMEOUT
velev-pipe-uns-1.0-9.cnf.bz2,UNSATISFIABLE,26.351,205.05,UNKNOWN,81.631,27.471,FAILED
b2005-p2-14x14c17h9-Ser3-0.cnf.bz2,UNKNOWN,TIMEOUT,FAILED,UNKNOWN,TIMEOUT,TIMEOUT,FAILED
SGI_30_70_20_60_10-dir.shuffled-as.sat03-144.cnf.bz2,UNSATISFIABLE,13.49,TIMEOUT,32.37,TIMEOUT,13.401,FAILED
mm-2x3-8-8-sb.1.sat05-475.reshuffled-07.cnf.bz2,UNSATISFIABLE,41.011,TIMEOUT,5.83,658.297,70,FAILED
abw-K-dwt__234.mtx-w51.cnf.bz2,UNKNOWN,TIMEOUT,FAILED,TIMEOUT,TIMEOUT,TIMEOUT,FAILED
sted1_0x0_n438-636.cnf.bz2,SATISFIABLE,66.981,179.593,TIMEOUT,728.427,45.972,432.257
60-129673.cnf.bz2,SATISFIABLE,52.57,FAILED,TIMEOUT,TIMEOUT,45.116,FAILED
Timetable_C_151_E_34_Cl_10_S_4.cnf.bz2,UNKNOWN,TIMEOUT,FAILED,TIMEOUT,TIMEOUT,TIMEOUT,FAILED
rbcl_xits_08_UNSAT.cnf.bz2,UNSATISFIABLE,29.93,747.481,TIMEOUT,TIMEOUT,28.329,FAILED
newpol6-6.cnf.bz2,UNSATISFIABLE,27.028,FAILED,TIMEOUT,78.68,49.184,FAILED
TT7F-33-24D.cnf.bz2,UNKNOWN,TIMEOUT,TIMEOUT,UNKNOWN,TIMEOUT,TIMEOUT,FAILED
lang28.cnf.gz.CP3-cnfmiter.cnf.bz2,UNSATISFIABLE,57.031,TIMEOUT,UNKNOWN,TIMEOUT,176.066,FAILED
problem_23.smt2.cnf.bz2,UNSATISFIABLE,38.795,TIMEOUT,TIMEOUT,638.244,TIMEOUT,FAILED
170058143.cnf.bz2,SATISFIABLE,2.151,910.242,TIMEOUT,166.491,6.144,133.043
ssp-0.046166496845693274.cnf.bz2,SATISFIABLE,42.946,471.03,TIMEOUT,TIMEOUT,259.254,FAILED
rbsat-v2640c305320gyes10.cnf.bz2,UNKNOWN,TIMEOUT,TIMEOUT,TIMEOUT,TIMEOUT,TIMEOUT,FAILED
size_5_5_5_i235_r12.cnf.bz2,SATISFIABLE,142.932,74.95,TIMEOUT,68.309,33.02,503.824
4g_6color_366_060_06.cnf.bz2,SATISFIABLE,32.279,TIMEOUT,UNKNOWN,319.482,35.239,TIMEOUT
combined-crypto1-wff-seed-101-wffvars-500-cryptocplx-31-overlap-2.cnf.bz2,SATISFIABLE,19.058,FAILED,18.09,169.277,25.816,34.378
rphp4_090_shuffled.cnf.bz2,UNSATISFIABLE,34.246,FAILED,TIMEOUT,TIMEOUT,39.387,FAILED
g2-hwmcc15deep-6s33-k34.cnf.bz2,UNSATISFIABLE,43.723,TIMEOUT,TIMEOUT,611.051,173.047,FAILED
VanDerWaerden_2-3-32_1006.cnf.bz2,UNKNOWN,TIMEOUT,TIMEOUT,TIMEOUT,TIMEOUT,TIMEOUT,FAILED
DLTM_twitter634_77_14.cnf.bz2,SATISFIABLE,6.27,320.669,TIMEOUT,62.646,15.968,7.509
Steiner-135-32-bce.cnf.bz2,SATISFIABLE,2.541,210.489,1.54,747.806,36.092,FAILED
DLTM_twitter405_71_12.cnf.bz2,SATISFIABLE,13.781,35.269,109.47,9.662,4.8,47.066
preimage_80r_490m_160h_seed_6.cnf.bz2,SATISFIABLE,22.79,92.734,TIMEOUT,650.471,147.344,FAILED
fclqcolor-18-14-11.cnf.gz.CP3-cnfmiter.cnf.bz2,UNSATISFIABLE,12.249,FAILED,FAILED,35.843,12.832,TIMEOUT
TT7F-33-25.cnf.bz2,UNKNOWN,TIMEOUT,TIMEOUT,UNKNOWN,TIMEOUT,TIMEOUT,FAILED
6s153.cnf.bz2,UNSATISFIABLE,20.31,218.668,TIMEOUT,90.897,17.581,TIMEOUT
ncc_none_12477_5_3_3_0_0_435991723.cnf.bz2,UNSATISFIABLE,157.827,TIMEOUT,UNKNOWN,TIMEOUT,90.936,FAILED
apn-sbox6-cut4-helpbox26.cnf.bz2,SATISFIABLE,318.203,160.359,TIMEOUT,TIMEOUT,25.842,FAILED
Steiner-243-46-bce.cnf.bz2,UNKNOWN,TIMEOUT,FAILED,FAILED,TIMEOUT,TIMEOUT,FAILED
Timetable_C_181_E_34_Cl_12_S_10.cnf.bz2,UNKNOWN,TIMEOUT,FAILED,TIMEOUT,TIMEOUT,TIMEOUT,FAILED
Timetable_C_181_E_34_Cl_12_S_6.cnf.bz2,UNKNOWN,TIMEOUT,FAILED,TIMEOUT,TIMEOUT,TIMEOUT,TIMEOUT
TT7F-34-26.cnf.bz2,UNKNOWN,TIMEOUT,FAILED,UNKNOWN,TIMEOUT,TIMEOUT,TIMEOUT
combined-crypto1-wff-seed-8-wffvars-450-cryptocplx-40-overlap-2.cnf.bz2,SATISFIABLE,647.879,FAILED,9.14,TIMEOUT,TIMEOUT,TIMEOUT
Kakuro-easy-052-ext.xml.hg_4.cnf.bz2,SATISFIABLE,54.959,134.949,UNKNOWN,115.59,26.148,62.144
TT7F-33-24E.cnf.bz2,UNKNOWN,TIMEOUT,TIMEOUT,UNKNOWN,TIMEOUT,TIMEOUT,FAILED
Timetable_C_241_E_34_Cl_16_S_12.cnf.bz2,UNKNOWN,TIMEOUT,FAILED,TIMEOUT,TIMEOUT,TIMEOUT,FAILED
abw-Q-494_bus.mtx-w208.cnf.bz2,SATISFIABLE,TIMEOUT,FAILED,UNKNOWN,TIMEOUT,606.924,TIMEOUT
abw-I-ash85.mtx-w24.cnf.bz2,UNKNOWN,TIMEOUT,FAILED,TIMEOUT,TIMEOUT,TIMEOUT,FAILED
6g_5color_170_030_04.cnf.bz2,UNKNOWN,TIMEOUT,FAILED,TIMEOUT,TIMEOUT,TIMEOUT,FAILED
Steiner-729-112-bce.cnf.bz2,SATISFIABLE,204.06,TIMEOUT,TIMEOUT,TIMEOUT,TIMEOUT,FAILED
combined-crypto1-wff-seed-107-wffvars-500-cryptocplx-31-overlap-2.cnf.bz2,SATISFIABLE,21.874,FAILED,21.05,TIMEOUT,305.423,287.607
traffic_kkb_unknown.cnf.bz2,UNSATISFIABLE,15.638,TIMEOUT,TIMEOUT,138.125,14.758,FAILED
22930-0601-11.smt2.cnf.bz2,UNSATISFIABLE,804.496,FAILED,TIMEOUT,TIMEOUT,TIMEOUT,FAILED
hid-uns-enc-6-1-0-0-0-0-14492.cnf.bz2,UNSATISFIABLE,11.227,764.33,8.01,142.074,25.296,FAILED
b2005-p4-14x14c17h9-Ser5-0.cnf.bz2,UNKNOWN,TIMEOUT,FAILED,UNKNOWN,TIMEOUT,TIMEOUT,FAILED
49-132779.cnf.bz2,SATISFIABLE,11.233,416.91,TIMEOUT,195.414,12.192,TIMEOUT
rbsat-v2640c305320g4.cnf.bz2,UNKNOWN,TIMEOUT,FAILED,TIMEOUT,TIMEOUT,TIMEOUT,TIMEOUT
Steiner-45-16-bce.cnf.bz2,UNSATISFIABLE,4.195,51.555,0.52,8.675,4.863,TIMEOUT
VanDerWaerden_pd_2-3-26_635.cnf.bz2,UNSATISFIABLE,274.062,958.37,TIMEOUT,TIMEOUT,TIMEOUT,TIMEOUT
size_4_5_5_i000_w31_r9.cnf.bz2,UNSATISFIABLE,TIMEOUT,TIMEOUT,TIMEOUT,TIMEOUT,598.198,FAILED
baseballcover12with22_and2positions.cnf.bz2,UNSATISFIABLE,169.526,FAILED,UNKNOWN,543.109,TIMEOUT,FAILED
schur-triples-7-60.cnf.bz2,SATISFIABLE,17.149,56.359,TIMEOUT,56.081,13.075,29.355
baseballcover13with25_and1positions.cnf.bz2,SATISFIABLE,58.152,378.528,UNKNOWN,179.645,76.692,58.374
ps_200_317_70.cnf.bz2,UNSATISFIABLE,31.578,280.868,UNKNOWN,29.625,20.058,FAILED
Nb51T6-sc2018.cnf.bz2,UNSATISFIABLE,332.331,FAILED,UNKNOWN,TIMEOUT,TIMEOUT,FAILED
w16-6a.cnf.bz2,UNSATISFIABLE,152.837,FAILED,TIMEOUT,TIMEOUT,568.441,FAILED
mrpp_8x8#16_12.cnf.bz2,SATISFIABLE,6.375,34.713,TIMEOUT,5.11,4.959,5.016
Timetable_C_497_E_62_Cl_33_S_30.cnf.bz2,SATISFIABLE,TIMEOUT,581.55,UNKNOWN,184.004,TIMEOUT,100.362
009-80-8.cnf.bz2,SATISFIABLE,68.641,443.689,TIMEOUT,80.131,15.395,106.386
f6bidw.cnf.bz2,UNSATISFIABLE,20.33,105.886,TIMEOUT,22.457,8.472,FAILED
size_5_5_5_i059_r12.cnf.bz2,SATISFIABLE,47.822,75.174,TIMEOUT,166.409,21.146,152.668
Steiner-243-45-bce.cnf.bz2,SATISFIABLE,5.324,FAILED,FAILED,822.299,515.151,503.905
hcp_CP16_16.cnf.bz2,SATISFIABLE,7.854,FAILED,TIMEOUT,42.088,242.134,TIMEOUT
170059081.cnf.bz2,SATISFIABLE,2.049,113.976,TIMEOUT,93.48,15.539,29.346
b2005-p5-14x14c17h9-Ser3-0.cnf.bz2,UNKNOWN,TIMEOUT,FAILED,TIMEOUT,TIMEOUT,TIMEOUT,FAILED
baseballcover11with25_and5positions.cnf.bz2,SATISFIABLE,108.579,FAILED,UNKNOWN,94.658,579.335,50.214
170225812.cnf.bz2,SATISFIABLE,2.061,979.249,213.82,30.401,FAILED,18.451
VanDerWaerden_2-3-16_238.cnf.bz2,UNSATISFIABLE,601.254,771.068,TIMEOUT,TIMEOUT,TIMEOUT,FAILED
Timetable_C_392_E_62_Cl_26_S_28.cnf.bz2,SATISFIABLE,28.289,FAILED,UNKNOWN,114.388,16.64,26.943
Kakuro-easy-127-ext.xml.hg_6.cnf.bz2,SATISFIABLE,513.539,FAILED,TIMEOUT,272.339,134.919,261.148
crafted_n10_d6_c3_num18.cnf.bz2,UNSATISFIABLE,64.942,TIMEOUT,UNKNOWN,TIMEOUT,102.114,FAILED
logistics-unsat-logistics-rotate-11t5.sat05-1141.reshuffled-07.cnf.bz2,UNSATISFIABLE,96.854,TIMEOUT,TIMEOUT,636.283,90.824,FAILED
170225515.cnf.bz2,SATISFIABLE,2.296,FAILED,222.69,21.276,8.923,FAILED
LABS_n038_goal002.cnf.bz2,UNSATISFIABLE,TIMEOUT,487.56,TIMEOUT,TIMEOUT,666.665,TIMEOUT
size_4_5_5_i028_w31_r9.cnf.bz2,UNSATISFIABLE,60.636,690.964,TIMEOUT,TIMEOUT,406.251,FAILED
TT7F-33-24B.cnf.bz2,SATISFIABLE,TIMEOUT,TIMEOUT,UNKNOWN,TIMEOUT,TIMEOUT,FAILED
Steiner-729-113-bce.cnf.bz2,UNKNOWN,TIMEOUT,FAILED,TIMEOUT,TIMEOUT,TIMEOUT,FAILED
abw-N-bcsstk07.mtx-w35.cnf.bz2,SATISFIABLE,TIMEOUT,FAILED,UNKNOWN,TIMEOUT,746.767,FAILED
abw-K-dwt__234.mtx-w54.cnf.bz2,UNKNOWN,TIMEOUT,FAILED,TIMEOUT,TIMEOUT,TIMEOUT,TIMEOUT
abw-K-dwt__234.mtx-w55.cnf.bz2,UNSATISFIABLE,48.99,FAILED,TIMEOUT,TIMEOUT,79.663,FAILED
TT7F-34-27.cnf.bz2,UNKNOWN,TIMEOUT,FAILED,UNKNOWN,TIMEOUT,TIMEOUT,FAILED
sted1_0x0-649.cnf.bz2,SATISFIABLE,669.383,FAILED,TIMEOUT,TIMEOUT,614.412,FAILED
stable-300-0.1-20-98765432130020.cnf.bz2,SATISFIABLE,3.14,32.592,157.58,7.685,7.007,7.323
vlsat2_37758_5364539.dimacs.cnf.bz2,SATISFIABLE,7.859,TIMEOUT,UNKNOWN,393.65,43.957,FAILED
bv-term-small-rw_848.smt2.cnf.bz2,UNSATISFIABLE,45.728,TIMEOUT,TIMEOUT,TIMEOUT,TIMEOUT,TIMEOUT
abw-N-bcsstk07.mtx-w38.cnf.bz2,UNKNOWN,TIMEOUT,FAILED,UNKNOWN,TIMEOUT,TIMEOUT,FAILED
hid-uns-enc-6-1-0-0-0-0-26462.cnf.bz2,UNSATISFIABLE,22.727,710.753,6.77,248.874,37.956,FAILED
ssAES_4-4-8_round_8-10_faultAt_8_fault_injections_2_seed_1579630418.cnf.bz2,SATISFIABLE,42.222,TIMEOUT,TIMEOUT,TIMEOUT,30.289,FAILED
abw-I-ash85.mtx-w25.cnf.bz2,UNKNOWN,TIMEOUT,FAILED,TIMEOUT,TIMEOUT,TIMEOUT,FAILED
dislog_a19_x19_n29.cnf.bz2,UNKNOWN,TIMEOUT,FAILED,TIMEOUT,TIMEOUT,TIMEOUT,TIMEOUT
170055892.cnf.bz2,SATISFIABLE,1.979,48.402,TIMEOUT,78.11,22.079,136.09
rook-42-0-1.cnf.bz2,UNSATISFIABLE,292.965,FAILED,TIMEOUT,345.274,388.923,FAILED
filter_iir_true-unreach-call.c.cnf.bz2,UNSATISFIABLE,86.895,TIMEOUT,UNKNOWN,313.353,64.937,FAILED
SAT_dat.k80.cnf.bz2,UNSATISFIABLE,21.611,933.56,TIMEOUT,115.505,38.807,FAILED
size_4_5_5_i037_w31_r9.cnf.bz2,UNSATISFIABLE,98.609,805.482,TIMEOUT,TIMEOUT,TIMEOUT,TIMEOUT
bv-term-small-rw_503.smt2.cnf.bz2,UNSATISFIABLE,21.438,TIMEOUT,TIMEOUT,TIMEOUT,TIMEOUT,FAILED
vlsat2_15440_1409906.dimacs.cnf.bz2,UNKNOWN,TIMEOUT,TIMEOUT,TIMEOUT,TIMEOUT,TIMEOUT,TIMEOUT
mod2c-rand3bip-sat-220-2.sat05-2489.reshuffled-07.cnf.bz2,SATISFIABLE,4.212,FAILED,TIMEOUT,6.468,4.335,12.307
ssp-0.497665446947731.cnf.bz2,SATISFIABLE,10.108,FAILED,TIMEOUT,21.01,12.545,8.203
vlsat2_40170_5970608.dimacs.cnf.bz2,SATISFIABLE,8.078,FAILED,UNKNOWN,961.205,25.871,43.743
baseballcover13with25.cnf.bz2,SATISFIABLE,48.94,276.721,UNKNOWN,63.017,26.272,30.048
LABS_n071_goal001-sc2013.cnf.bz2,UNSATISFIABLE,440.767,537.971,TIMEOUT,TIMEOUT,TIMEOUT,FAILED
Timetable_C_226_E_34_Cl_15_S_12.cnf.bz2,UNKNOWN,TIMEOUT,TIMEOUT,TIMEOUT,TIMEOUT,TIMEOUT,FAILED
bv-term-small-rw_350.smt2.cnf.bz2,UNKNOWN,TIMEOUT,TIMEOUT,TIMEOUT,TIMEOUT,TIMEOUT,TIMEOUT
Kittell-k7.cnf.bz2,UNSATISFIABLE,51.3,TIMEOUT,TIMEOUT,893.627,50.703,FAILED
170058440.cnf.bz2,SATISFIABLE,2.663,TIMEOUT,218.69,356.172,109.492,281.233
bv-term-small-rw_1159.smt2.cnf.bz2,UNSATISFIABLE,17.557,FAILED,TIMEOUT,TIMEOUT,895.622,FAILED
size_4_5_5_i035_w31_r9.cnf.bz2,UNSATISFIABLE,82.537,TIMEOUT,TIMEOUT,TIMEOUT,672.366,FAILED
DLTM_twitter304_77_11.cnf.bz2,UNSATISFIABLE,54.367,TIMEOUT,TIMEOUT,692.642,233.602,FAILED
QG7a-gensys-ukn009.sat05-3849.reshuffled-07.cnf.bz2,UNSATISFIABLE,13.234,FAILED,158.78,562.966,38.651,FAILED
ls16-normalized.cnf.gz.CP3-cnfmiter.cnf.bz2,UNSATISFIABLE,13.669,FAILED,FAILED,114.94,20.271,FAILED
ps_200_306_70.cnf.bz2,UNSATISFIABLE,23.32,FAILED,UNKNOWN,22.75,20.077,FAILED
DLTM_twitter454_70_11.cnf.bz2,UNSATISFIABLE,35.312,TIMEOUT,309.77,277.194,105.361,FAILED
fsf-300-354-2-2-3-2.23.opt.cnf.bz2,SATISFIABLE,2.789,FAILED,TIMEOUT,TIMEOUT,TIMEOUT,TIMEOUT
4g_5color_170_060_05.cnf.bz2,UNKNOWN,TIMEOUT,FAILED,TIMEOUT,TIMEOUT,TIMEOUT,FAILED
bv-term-small-rw_206.smt2.cnf.bz2,UNKNOWN,TIMEOUT,FAILED,TIMEOUT,TIMEOUT,TIMEOUT,FAILED
dislog_a13_x13_n23.cnf.bz2,SATISFIABLE,41.637,FAILED,1.15,109.012,121.187,TIMEOUT
preimage_80r_491m_160h_seed_7.cnf.bz2,SATISFIABLE,20.038,116.345,TIMEOUT,362.004,32.064,TIMEOUT
sqrt_ineq_3.c.cnf.bz2,SATISFIABLE,6.236,68.829,TIMEOUT,14.003,6.168,9.293
w19-20.1.cnf.bz2,UNSATISFIABLE,27.981,145.92,166.27,241.108,62.562,FAILED
iffyInterleavedModMult-8.smt2.cnf.bz2,UNSATISFIABLE,445.275,176.559,TIMEOUT,TIMEOUT,TIMEOUT,FAILED
